Dataset,Method,Algorithm,Training Size,Actual Size Trained,Layer,AUC,MAP,BRP_90
commonsense_qa,Black Box,BB,100,100,N/A,0.6735439999999999,0.6522662236933586,0.008
commonsense_qa,White Box,LR,100,100,19,0.757558,0.7219870263816164,0.018
commonsense_qa,White Box,DIM,100,100,30,0.7652680000000001,0.7521282501526919,0.104
commonsense_qa,White Box,LAT,100,100,30,0.704752,0.6955164088829764,0.01
commonsense_qa,White Box,CCS,100,100,28,0.6766319999999999,0.6572556391426443,0.004
commonsense_qa,White Box,LDA,100,100,18,0.736566,0.7032369995275998,0.022
commonsense_qa,White Box,PCA,100,100,31,0.7470319999999999,0.7350604822865539,0.022
commonsense_qa,White Box,PCA-G,100,100,23,0.7551000000000001,0.7392771694495665,0.074
commonsense_qa,White Box,LR-G,100,100,10,0.802312,0.8058586341142109,0.31
commonsense_qa,Black Box,BB,200,200,N/A,0.6767439999999999,0.6466478883531539,0.0
commonsense_qa,White Box,LR,200,200,18,0.7573399999999999,0.7313776958804228,0.038
commonsense_qa,White Box,DIM,200,200,31,0.765036,0.7556093435974996,0.11
commonsense_qa,White Box,LAT,200,200,25,0.6416660000000001,0.6327325590955989,0.004
commonsense_qa,White Box,CCS,200,200,22,0.775992,0.7602823735472246,0.098
commonsense_qa,White Box,LDA,200,200,19,0.7015079999999999,0.6748668825419778,0.0
commonsense_qa,White Box,PCA,200,200,32,0.750004,0.7400552357788769,0.058
commonsense_qa,White Box,PCA-G,200,200,21,0.763936,0.7486814104271295,0.092
commonsense_qa,White Box,LR-G,200,200,32,0.8816,0.882941989186316,0.546
commonsense_qa,Black Box,BB,500,500,N/A,0.740548,0.7248708543462171,0.0
commonsense_qa,White Box,LR,500,500,18,0.7895459999999999,0.7848810616450839,0.216
commonsense_qa,White Box,DIM,500,500,18,0.7707820000000001,0.7608894259812307,0.144
commonsense_qa,White Box,LAT,500,500,30,0.740904,0.725107437840275,0.014
commonsense_qa,White Box,CCS,500,500,19,0.7885960000000001,0.7780269218031525,0.166
commonsense_qa,White Box,LDA,500,500,19,0.71139,0.6933936388786394,0.04
commonsense_qa,White Box,PCA,500,500,30,0.742564,0.7273561267961972,0.014
commonsense_qa,White Box,PCA-G,500,500,17,0.761084,0.7472923680996412,0.056
commonsense_qa,White Box,LR-G,500,500,16,0.907332,0.9066993904996669,0.694
commonsense_qa,Black Box,BB,1000,1000,N/A,0.7427840000000001,0.731472426495577,0.068
commonsense_qa,White Box,LR,1000,1000,17,0.803978,0.7896723382820737,0.186
commonsense_qa,White Box,DIM,1000,1000,16,0.771386,0.765670717076018,0.152
commonsense_qa,White Box,LAT,1000,1000,32,0.727038,0.7110397386037919,0.01
commonsense_qa,White Box,CCS,1000,1000,17,0.789988,0.7834202603902765,0.238
commonsense_qa,White Box,LDA,1000,1000,25,0.688506,0.6613014681296097,0.0
commonsense_qa,White Box,PCA,1000,1000,30,0.7354479999999999,0.721577718514503,0.018
commonsense_qa,White Box,PCA-G,1000,1000,16,0.759212,0.746905706068759,0.072
commonsense_qa,White Box,LR-G,1000,1000,16,0.920752,0.9216014372799589,0.756
commonsense_qa,Black Box,BB,2000,2000,N/A,0.747424,0.7284146176212388,0.108
commonsense_qa,White Box,LR,2000,2000,18,0.828166,0.8223869032511519,0.222
commonsense_qa,White Box,DIM,2000,2000,16,0.772866,0.7664706581579034,0.136
commonsense_qa,White Box,LAT,2000,2000,30,0.732358,0.7196264799483244,0.014
commonsense_qa,White Box,CCS,2000,2000,23,0.803812,0.7950601650481984,0.132
commonsense_qa,White Box,LDA,2000,2000,15,0.6471899999999999,0.6294301048500985,0.002
commonsense_qa,White Box,PCA,2000,2000,30,0.730788,0.7198932188066971,0.02
commonsense_qa,White Box,PCA-G,2000,2000,16,0.759808,0.7468962039279777,0.074
commonsense_qa,White Box,LR-G,2000,2000,13,0.9246239999999999,0.926212153827479,0.762
commonsense_qa,Black Box,BB,5000,5000,N/A,0.7523880000000001,0.7363530195063539,0.1
commonsense_qa,White Box,LR,5000,5000,16,0.8352419999999999,0.8304107362330505,0.348
commonsense_qa,White Box,DIM,5000,5000,16,0.771434,0.7659686901082435,0.138
commonsense_qa,White Box,LAT,5000,5000,27,0.729328,0.7132483026415077,0.036
commonsense_qa,White Box,CCS,5000,5000,24,0.7914400000000001,0.7869455760307098,0.192
commonsense_qa,White Box,LDA,5000,5000,28,0.63995,0.6101117042456246,0.002
commonsense_qa,White Box,PCA,5000,5000,27,0.72754,0.7139108158281824,0.018
commonsense_qa,White Box,PCA-G,5000,5000,17,0.7635000000000001,0.7545865019162481,0.09
commonsense_qa,White Box,LR-G,5000,5000,17,0.939912,0.9417750440939451,0.8
race,Black Box,BB,100,100,N/A,0.6882320000000001,0.6563928118497704,0.04
race,White Box,LR,100,100,32,0.732316,0.7118893910099617,0.05
race,White Box,DIM,100,100,32,0.776292,0.7625695867274794,0.04
race,White Box,LAT,100,100,27,0.539884,0.5416440592536494,0.01
race,White Box,CCS,100,100,17,0.77048,0.7578020081239936,0.038
race,White Box,LDA,100,100,29,0.667144,0.6384277246673615,0.002
race,White Box,PCA,100,100,24,0.5837,0.5835030556814977,0.014
race,White Box,PCA-G,100,100,31,0.7764759999999999,0.7624323169303344,0.04
race,White Box,LR-G,100,100,2,0.627248,0.6299256466572282,0.058
race,Black Box,BB,200,200,N/A,0.67616,0.6368021639100323,0.002
race,White Box,LR,200,200,19,0.7500359999999999,0.7386067096470543,0.074
race,White Box,DIM,200,200,32,0.774444,0.7593853622881432,0.032
race,White Box,LAT,200,200,23,0.5325,0.5352259621147328,0.004
race,White Box,CCS,200,200,19,0.751296,0.7351221814201837,0.082
race,White Box,LDA,200,200,19,0.6618360000000001,0.6319215269123132,0.004
race,White Box,PCA,200,200,4,0.5019319999999999,0.5045843591712299,0.004
race,White Box,PCA-G,200,200,27,0.7785560000000001,0.7656552754727601,0.074
race,White Box,LR-G,200,200,20,0.9108799999999999,0.9117596442947181,0.664
race,Black Box,BB,500,500,N/A,0.725796,0.7059583064213125,0.072
race,White Box,LR,500,500,17,0.7758,0.7624945077911416,0.088
race,White Box,DIM,500,500,31,0.771096,0.757019983726157,0.036
race,White Box,LAT,500,500,23,0.5804279999999999,0.5781473544252487,0.018
race,White Box,CCS,500,500,19,0.7826919999999999,0.7662422580837578,0.042
race,White Box,LDA,500,500,17,0.652664,0.6208090934275892,0.004
race,White Box,PCA,500,500,24,0.574936,0.5747551910772459,0.01
race,White Box,PCA-G,500,500,27,0.778272,0.7655671936700973,0.044
race,White Box,LR-G,500,500,13,0.8780439999999999,0.8741836159946527,0.504
race,Black Box,BB,1000,1000,N/A,0.734364,0.7078924009344703,0.036
race,White Box,LR,1000,1000,17,0.7876,0.7798693584159476,0.112
race,White Box,DIM,1000,1000,31,0.76746,0.7509890827652033,0.026
race,White Box,LAT,1000,1000,24,0.537812,0.5395822010794675,0.004
race,White Box,CCS,1000,1000,25,0.781148,0.774618766713493,0.1
race,White Box,LDA,1000,1000,18,0.6239759999999999,0.5885335022495586,0.002
race,White Box,PCA,1000,1000,24,0.560356,0.5617050897538981,0.008
race,White Box,PCA-G,1000,1000,22,0.7766439999999999,0.7676745601840582,0.058
race,White Box,LR-G,1000,1000,16,0.927708,0.9281533508452311,0.754
race,Black Box,BB,2000,2000,N/A,0.746764,0.729391296163603,0.06
race,White Box,LR,2000,2000,16,0.7983679999999999,0.7857715210133664,0.148
race,White Box,DIM,2000,2000,22,0.7709520000000001,0.7611859909178764,0.038
race,White Box,LAT,2000,2000,25,0.560308,0.5625777487158627,0.008
race,White Box,CCS,2000,2000,18,0.7904399999999999,0.7697845374861367,0.1
race,White Box,LDA,2000,2000,17,0.6203799999999999,0.6021638555176072,0.0
race,White Box,PCA,2000,2000,24,0.5723640000000001,0.5738751595955286,0.012
race,White Box,PCA-G,2000,2000,22,0.774788,0.7661745228477884,0.05
race,White Box,LR-G,2000,2000,31,0.901288,0.8994346973148245,0.598
race,Black Box,BB,5000,5000,N/A,0.750452,0.734311901297839,0.046
race,White Box,LR,5000,5000,16,0.813204,0.8037645645765932,0.236
race,White Box,DIM,5000,5000,22,0.771244,0.761708381908483,0.038
race,White Box,LAT,5000,5000,24,0.5725119999999999,0.5741189580975,0.012
race,White Box,CCS,5000,5000,25,0.813972,0.7993057523024628,0.076
race,White Box,LDA,5000,5000,29,0.601924,0.5800636355401271,0.004
race,White Box,PCA,5000,5000,24,0.569164,0.5718554042111583,0.012
race,White Box,PCA-G,5000,5000,28,0.7744239999999999,0.7609212777561893,0.028
race,White Box,LR-G,5000,5000,16,0.933096,0.9348604173861793,0.784
arc_easy,Black Box,BB,100,100,N/A,0.839164,0.8303268195155752,0.396
arc_easy,White Box,LR,100,100,32,0.8696200000000001,0.8729615345336854,0.53
arc_easy,White Box,DIM,100,100,28,0.8579239999999999,0.8383535921231698,0.328
arc_easy,White Box,LAT,100,100,32,0.7801999999999999,0.7162399445343917,0.002
arc_easy,White Box,CCS,100,100,24,0.872188,0.8723232999274273,0.532
arc_easy,White Box,LDA,100,100,32,0.8124720000000001,0.8035235555472373,0.314
arc_easy,White Box,PCA,100,100,32,0.783304,0.73315589061053,0.004
arc_easy,White Box,PCA-G,100,100,23,0.862272,0.8469942378362144,0.416
arc_easy,White Box,LR-G,100,100,6,0.6001920000000001,0.5956654386127289,0.012
arc_easy,Black Box,BB,200,200,N/A,0.8623599999999999,0.8474039511229746,0.51
arc_easy,White Box,LR,200,200,31,0.865024,0.850730383936815,0.5
arc_easy,White Box,DIM,200,200,32,0.8550479999999999,0.8372899739137988,0.256
arc_easy,White Box,LAT,200,200,32,0.7585520000000001,0.6922980415693174,0.002
arc_easy,White Box,CCS,200,200,19,0.8805079999999998,0.8716111405225837,0.576
arc_easy,White Box,LDA,200,200,32,0.8010280000000001,0.7762598366932858,0.056
arc_easy,White Box,PCA,200,200,32,0.776696,0.7174366973232501,0.002
arc_easy,White Box,PCA-G,200,200,24,0.8540760000000001,0.8312987937507013,0.362
arc_easy,White Box,LR-G,200,200,13,0.958944,0.9589498368544027,0.912
arc_easy,Black Box,BB,500,500,N/A,0.8720120000000001,0.8534427932940649,0.444
arc_easy,White Box,LR,500,500,17,0.8876999999999999,0.8888189705304119,0.59
arc_easy,White Box,DIM,500,500,24,0.864356,0.8495400100004333,0.468
arc_easy,White Box,LAT,500,500,32,0.7367720000000001,0.6637433926586863,0.0
arc_easy,White Box,CCS,500,500,19,0.887696,0.8825726040727859,0.556
arc_easy,White Box,LDA,500,500,26,0.794636,0.787590373441347,0.2
arc_easy,White Box,PCA,500,500,32,0.758388,0.6958402787842067,0.002
arc_easy,White Box,PCA-G,500,500,17,0.8433760000000001,0.8205496292732115,0.362
arc_easy,White Box,LR-G,500,500,21,0.9844280000000001,0.9848731236099351,0.97
arc_easy,Black Box,BB,1000,1000,N/A,0.879156,0.8710948585879184,0.496
arc_easy,White Box,LR,1000,1000,18,0.888024,0.8881866363047313,0.548
arc_easy,White Box,DIM,1000,1000,24,0.866484,0.8517893381210032,0.454
arc_easy,White Box,LAT,1000,1000,32,0.705204,0.6333401805301725,0.0
arc_easy,White Box,CCS,1000,1000,17,0.901332,0.899012230730329,0.624
arc_easy,White Box,LDA,1000,1000,26,0.784216,0.7610984551269167,0.012
arc_easy,White Box,PCA,1000,1000,32,0.7279359999999999,0.6575424446738584,0.0
arc_easy,White Box,PCA-G,1000,1000,17,0.845024,0.8222621033439166,0.346
arc_easy,White Box,LR-G,1000,1000,23,0.983348,0.983910363387503,0.966
arc_easy,Black Box,BB,2000,2000,N/A,0.8740479999999999,0.867069756951873,0.426
arc_easy,White Box,LR,2000,2000,16,0.9002919999999998,0.8944538514418146,0.636
arc_easy,White Box,DIM,2000,2000,17,0.8662440000000001,0.8518284921329112,0.506
arc_easy,White Box,LAT,2000,2000,32,0.701532,0.6356139477104672,0.0
arc_easy,White Box,CCS,2000,2000,22,0.9025480000000001,0.9009654724466696,0.618
arc_easy,White Box,LDA,2000,2000,17,0.7168119999999999,0.7106652188417939,0.054
arc_easy,White Box,PCA,2000,2000,32,0.6968960000000001,0.6324096999031328,0.0
arc_easy,White Box,PCA-G,2000,2000,17,0.8507800000000001,0.8316764485456793,0.422
arc_easy,White Box,LR-G,2000,2000,18,0.98534,0.985758472633616,0.972
arc_easy,Black Box,BB,5000,4642,N/A,0.8747600000000001,0.8717050214584061,0.418
arc_easy,White Box,LR,5000,4642,17,0.9165399999999999,0.9142772749331951,0.688
arc_easy,White Box,DIM,5000,4642,24,0.869592,0.8559479954870285,0.494
arc_easy,White Box,LAT,5000,4642,32,0.6544800000000001,0.6025989882320426,0.002
arc_easy,White Box,CCS,5000,4642,24,0.908916,0.9034278140579891,0.604
arc_easy,White Box,LDA,5000,4642,24,0.603332,0.5790284471251206,0.0
arc_easy,White Box,PCA,5000,4642,32,0.661144,0.6075969995683803,0.002
arc_easy,White Box,PCA-G,5000,4642,24,0.858112,0.8389491974267175,0.324
arc_easy,White Box,LR-G,5000,4642,17,0.985928,0.9863632425315086,0.972
open_book_qa,Black Box,BB,100,100,N/A,0.66792,0.6474283945010285,0.002
open_book_qa,White Box,LR,100,100,30,0.7061,0.6824506327199313,0.0
open_book_qa,White Box,DIM,100,100,31,0.743392,0.7400352331899794,0.124
open_book_qa,White Box,LAT,100,100,23,0.7120080000000001,0.6895998202140857,0.018
open_book_qa,White Box,CCS,100,100,17,0.7195679999999999,0.7046674247407243,0.098
open_book_qa,White Box,LDA,100,100,21,0.71608,0.7042272896553136,0.0
open_book_qa,White Box,PCA,100,100,17,0.725,0.7093646441664554,0.068
open_book_qa,White Box,PCA-G,100,100,28,0.74238,0.740393620477316,0.134
open_book_qa,White Box,LR-G,100,100,21,0.8709679999999999,0.8740568548330986,0.49
open_book_qa,Black Box,BB,200,200,N/A,0.723884,0.6763274813640915,0.0
open_book_qa,White Box,LR,200,200,21,0.7552319999999999,0.7380542467113881,0.054
open_book_qa,White Box,DIM,200,200,23,0.7482519999999999,0.7478425721414946,0.126
open_book_qa,White Box,LAT,200,200,32,0.69792,0.6694581738580822,0.004
open_book_qa,White Box,CCS,200,200,22,0.690982,0.6444014826740149,0.002
open_book_qa,White Box,LDA,200,200,19,0.727436,0.7109010136143483,0.084
open_book_qa,White Box,PCA,200,200,21,0.722104,0.7077698432683257,0.05
open_book_qa,White Box,PCA-G,200,200,31,0.7419880000000001,0.7407534140051509,0.128
open_book_qa,White Box,LR-G,200,200,23,0.9117599999999999,0.91320754241928,0.692
open_book_qa,Black Box,BB,500,500,N/A,0.716202,0.6693606198100394,0.0
open_book_qa,White Box,LR,500,500,17,0.7640359999999999,0.7469864823308514,0.066
open_book_qa,White Box,DIM,500,500,23,0.749684,0.7495016815695543,0.162
open_book_qa,White Box,LAT,500,500,29,0.702568,0.6698252400245773,0.002
open_book_qa,White Box,CCS,500,500,18,0.737108,0.7232374628342328,0.004
open_book_qa,White Box,LDA,500,500,17,0.6962439999999999,0.6921005073661283,0.042
open_book_qa,White Box,PCA,500,500,30,0.7129920000000001,0.6846637114876705,0.006
open_book_qa,White Box,PCA-G,500,500,30,0.7472759999999999,0.7448658602740514,0.138
open_book_qa,White Box,LR-G,500,500,16,0.9350959999999999,0.936858464790631,0.756
open_book_qa,Black Box,BB,1000,1000,N/A,0.7274479999999999,0.697942231152985,0.0
open_book_qa,White Box,LR,1000,1000,17,0.7995559999999999,0.7923620378957199,0.236
open_book_qa,White Box,DIM,1000,1000,23,0.749928,0.7490932197763527,0.168
open_book_qa,White Box,LAT,1000,1000,22,0.7151839999999999,0.6908398998275603,0.032
open_book_qa,White Box,CCS,1000,1000,18,0.7580279999999999,0.7542417601082174,0.116
open_book_qa,White Box,LDA,1000,1000,19,0.713584,0.7006351102461387,0.044
open_book_qa,White Box,PCA,1000,1000,17,0.7216439999999998,0.7036120689340304,0.054
open_book_qa,White Box,PCA-G,1000,1000,30,0.746744,0.7433201094839488,0.13
open_book_qa,White Box,LR-G,1000,1000,18,0.953532,0.954314412646995,0.844
open_book_qa,Black Box,BB,2000,2000,N/A,0.7362280000000001,0.7174393022245971,0.028
open_book_qa,White Box,LR,2000,2000,16,0.823844,0.8148258127921844,0.234
open_book_qa,White Box,DIM,2000,2000,22,0.7514360000000001,0.7510302027774691,0.16
open_book_qa,White Box,LAT,2000,2000,17,0.720384,0.7018499933717771,0.044
open_book_qa,White Box,CCS,2000,2000,17,0.7749680000000001,0.7646141103153494,0.058
open_book_qa,White Box,LDA,2000,2000,16,0.684472,0.6517191733441123,0.004
open_book_qa,White Box,PCA,2000,2000,17,0.7218519999999998,0.7041877550222322,0.05
open_book_qa,White Box,PCA-G,2000,2000,22,0.746672,0.7440566261662733,0.146
open_book_qa,White Box,LR-G,2000,2000,22,0.94816,0.9467539768442275,0.846
open_book_qa,Black Box,BB,5000,5000,N/A,0.7455080000000001,0.7315102088636468,0.082
open_book_qa,White Box,LR,5000,5000,16,0.846524,0.8505950437592731,0.406
open_book_qa,White Box,DIM,5000,5000,22,0.751348,0.7514033303869928,0.17
open_book_qa,White Box,LAT,5000,5000,17,0.723228,0.7049741840434093,0.052
open_book_qa,White Box,CCS,5000,5000,25,0.7859319999999999,0.7673299439137387,0.088
open_book_qa,White Box,LDA,5000,5000,22,0.613564,0.5962167673368862,0.004
open_book_qa,White Box,PCA,5000,5000,17,0.725316,0.7072044499414853,0.048
open_book_qa,White Box,PCA-G,5000,5000,30,0.746564,0.7412710880682036,0.128
open_book_qa,White Box,LR-G,5000,5000,18,0.9677640000000001,0.96828264109846,0.902
boolq,Black Box,BB,100,100,N/A,0.6472640000000001,0.621740822771271,0.002
boolq,White Box,LR,100,100,3,0.6538719999999999,0.5918764660613933,0.0
boolq,White Box,DIM,100,100,15,0.638888,0.6250853644347221,0.01
boolq,White Box,LAT,100,100,5,0.646876,0.5972650635803124,0.002
boolq,White Box,CCS,100,100,11,0.673608,0.6660024090194299,0.038
boolq,White Box,LDA,100,100,32,0.651536,0.608945176194063,0.0
boolq,White Box,PCA,100,100,7,0.6499639999999999,0.5917340021875209,0.0
boolq,White Box,PCA-G,100,100,11,0.666596,0.6526898863254471,0.006
boolq,White Box,LR-G,100,100,4,0.676164,0.6550186960305904,0.0
boolq,Black Box,BB,200,200,N/A,0.6683699999999999,0.6385738890397814,0.002
boolq,White Box,LR,200,200,24,0.7598119999999999,0.7572894703109041,0.216
boolq,White Box,DIM,200,200,23,0.7063839999999999,0.7295187378156607,0.086
boolq,White Box,LAT,200,200,7,0.6502359999999999,0.5898361471406535,0.0
boolq,White Box,CCS,200,200,5,0.651104,0.6029389240786036,0.002
boolq,White Box,LDA,200,200,32,0.713888,0.6890758030606594,0.002
boolq,White Box,PCA,200,200,7,0.6501520000000001,0.5904057060352164,0.0
boolq,White Box,PCA-G,200,200,11,0.6672279999999999,0.6533987078440888,0.006
boolq,White Box,LR-G,200,200,18,0.844316,0.8405916217339575,0.51
boolq,Black Box,BB,500,500,N/A,0.702496,0.6713242088121579,0.0
boolq,White Box,LR,500,500,17,0.8066119999999999,0.8152070339713187,0.364
boolq,White Box,DIM,500,500,22,0.694408,0.7164524807880917,0.048
boolq,White Box,LAT,500,500,10,0.658768,0.6128236387483679,0.002
boolq,White Box,CCS,500,500,10,0.6734279999999999,0.6545363664051074,0.01
boolq,White Box,LDA,500,500,31,0.76532,0.7473386863315368,0.062
boolq,White Box,PCA,500,500,6,0.64422,0.5998561297036392,0.0
boolq,White Box,PCA-G,500,500,11,0.6679200000000001,0.6555117532569821,0.006
boolq,White Box,LR-G,500,500,31,0.8564119999999998,0.8454479690732165,0.434
boolq,Black Box,BB,1000,1000,N/A,0.72324,0.7143321658382165,0.0
boolq,White Box,LR,1000,1000,19,0.830024,0.8405170984187268,0.452
boolq,White Box,DIM,1000,1000,22,0.712812,0.738184789841817,0.154
boolq,White Box,LAT,1000,1000,11,0.6651440000000001,0.6489269695751332,0.02
boolq,White Box,CCS,1000,1000,11,0.6741379999999999,0.6654545627881964,0.024
boolq,White Box,LDA,1000,1000,22,0.7462439999999999,0.7451832880901439,0.024
boolq,White Box,PCA,1000,1000,11,0.664044,0.6435579437963823,0.008
boolq,White Box,PCA-G,1000,1000,11,0.6680279999999998,0.655799810727238,0.006
boolq,White Box,LR-G,1000,1000,17,0.87966,0.8771972795988938,0.6
boolq,Black Box,BB,2000,2000,N/A,0.7310960000000001,0.7133685885742921,0.0
boolq,White Box,LR,2000,2000,18,0.856888,0.8614116995591323,0.544
boolq,White Box,DIM,2000,2000,22,0.717552,0.7450273354817116,0.166
boolq,White Box,LAT,2000,2000,11,0.6602119999999999,0.6317756247357816,0.002
boolq,White Box,CCS,2000,2000,3,0.6536120000000001,0.5941251242409049,0.0
boolq,White Box,LDA,2000,2000,21,0.702508,0.6849145293201024,0.024
boolq,White Box,PCA,2000,2000,11,0.665,0.6469307131116128,0.042
boolq,White Box,PCA-G,2000,2000,3,0.6517560000000001,0.5889461257107698,0.0
boolq,White Box,LR-G,2000,2000,16,0.892848,0.8902800309698045,0.64
boolq,Black Box,BB,5000,5000,N/A,0.740748,0.7380508967184943,0.024
boolq,White Box,LR,5000,5000,16,0.8806080000000001,0.880844239170114,0.562
boolq,White Box,DIM,5000,5000,24,0.737116,0.7647659719546875,0.248
boolq,White Box,LAT,5000,5000,6,0.644116,0.5980805552024377,0.0
boolq,White Box,CCS,5000,5000,4,0.6594920000000001,0.6149103762191729,0.0
boolq,White Box,LDA,5000,5000,31,0.6456120000000001,0.61309812168559,0.002
boolq,White Box,PCA,5000,5000,5,0.650944,0.6128884970910314,0.0
boolq,White Box,PCA-G,5000,5000,5,0.650496,0.6084576077241521,0.0
boolq,White Box,LR-G,5000,5000,17,0.9093000000000001,0.901730592132987,0.684
rte,Black Box,BB,100,100,N/A,0.572032,0.5734819388238056,0.002
rte,White Box,LR,100,100,24,0.7692640000000001,0.7640907949274769,0.102
rte,White Box,DIM,100,100,24,0.653144,0.6766658523912983,0.058
rte,White Box,LAT,100,100,26,0.527344,0.6262422428187958,0.128
rte,White Box,CCS,100,100,29,0.548726,0.6187835546677019,0.01
rte,White Box,LDA,100,100,19,0.7721879999999999,0.752936393088584,0.072
rte,White Box,PCA,100,100,23,0.5233639999999999,0.6031921843647993,0.058
rte,White Box,PCA-G,100,100,22,0.5311760000000001,0.612893040933651,0.066
rte,White Box,LR-G,100,100,14,0.8391400000000001,0.8364541361422836,0.406
rte,Black Box,BB,200,200,N/A,0.594148,0.579655979119712,0.002
rte,White Box,LR,200,200,18,0.8089519999999999,0.8120280339964097,0.294
rte,White Box,DIM,200,200,25,0.6772119999999999,0.6900893176482004,0.064
rte,White Box,LAT,200,200,12,0.514132,0.519573458879601,0.0
rte,White Box,CCS,200,200,26,0.509808,0.5324982164989502,0.008
rte,White Box,LDA,200,200,20,0.7831920000000001,0.7870450035330678,0.252
rte,White Box,PCA,200,200,22,0.5202680000000001,0.5955022483206318,0.042
rte,White Box,PCA-G,200,200,23,0.523964,0.6006282819713916,0.058
rte,White Box,LR-G,200,200,23,0.845812,0.8448367122683991,0.404
rte,Black Box,BB,500,500,N/A,0.60872,0.5929486898695111,0.002
rte,White Box,LR,500,500,18,0.8483759999999999,0.8487290734156963,0.432
rte,White Box,DIM,500,500,31,0.710928,0.7014657449807645,0.02
rte,White Box,LAT,500,500,31,0.5318959999999999,0.5502194160343115,0.022
rte,White Box,CCS,500,500,26,0.662158,0.6795725366235388,0.096
rte,White Box,LDA,500,500,20,0.797644,0.7928960257188671,0.306
rte,White Box,PCA,500,500,32,0.551892,0.5751912667836234,0.004
rte,White Box,PCA-G,500,500,32,0.53298,0.5780771858892882,0.028
rte,White Box,LR-G,500,500,17,0.8960520000000001,0.8954204106055337,0.626
rte,Black Box,BB,1000,1000,N/A,0.617916,0.6044379927026718,0.006
rte,White Box,LR,1000,1000,18,0.8663959999999999,0.8656445428015822,0.482
rte,White Box,DIM,1000,1000,31,0.7105679999999999,0.7046006133743195,0.056
rte,White Box,LAT,1000,1000,32,0.5461360000000001,0.5764297414247114,0.006
rte,White Box,CCS,1000,1000,24,0.5294,0.5686932006855315,0.02
rte,White Box,LDA,1000,1000,18,0.7759159999999999,0.7755574405831585,0.15
rte,White Box,PCA,1000,1000,32,0.551248,0.5747708791600568,0.02
rte,White Box,PCA-G,1000,1000,22,0.517012,0.5932059944943384,0.046
rte,White Box,LR-G,1000,1000,19,0.9010279999999999,0.8975805894650619,0.676
rte,Black Box,BB,2000,2000,N/A,0.6302760000000001,0.611588734143907,0.002
rte,White Box,LR,2000,2000,18,0.885372,0.8844964049925497,0.564
rte,White Box,DIM,2000,2000,31,0.714032,0.7060804317568292,0.026
rte,White Box,LAT,2000,2000,22,0.52748,0.6119490457423851,0.056
rte,White Box,CCS,2000,2000,32,0.50066,0.5315538568347697,0.012
rte,White Box,LDA,2000,2000,19,0.7483080000000001,0.7342311691905625,0.024
rte,White Box,PCA,2000,2000,32,0.540584,0.5752057356732709,0.006
rte,White Box,PCA-G,2000,2000,22,0.519292,0.597508260937268,0.05
rte,White Box,LR-G,2000,2000,30,0.894084,0.8959496177131042,0.588
rte,Black Box,BB,5000,3980,N/A,0.6333,0.6155488935001987,0.0
rte,White Box,LR,5000,3980,17,0.901796,0.9029152574637587,0.634
rte,White Box,DIM,5000,3980,17,0.738024,0.7250613872175853,0.06
rte,White Box,LAT,5000,3980,22,0.5100359999999999,0.5766707591688021,0.028
rte,White Box,CCS,5000,3980,29,0.5186200000000001,0.5501040985372186,0.01
rte,White Box,LDA,5000,3980,17,0.528396,0.52398343617618,0.0
rte,White Box,PCA,5000,3980,22,0.518096,0.5945997391422921,0.04
rte,White Box,PCA-G,5000,3980,22,0.519244,0.5978839245600691,0.048
rte,White Box,LR-G,5000,3980,17,0.921136,0.9216396321208963,0.732
imdb,Black Box,BB,100,100,N/A,0.659304,0.6860310608001001,0.01
imdb,White Box,LR,100,100,5,0.583928,0.5532319735880822,0.002
imdb,White Box,DIM,100,100,7,0.5968880000000001,0.5550624178879753,0.0
imdb,White Box,LAT,100,100,25,0.86114,0.8768570393579092,0.618
imdb,White Box,CCS,100,100,4,0.595958,0.5848082740912585,0.004
imdb,White Box,LDA,100,100,1,0.60284,0.5605315903168984,0.0
imdb,White Box,PCA,100,100,25,0.937436,0.9394210572978527,0.828
imdb,White Box,PCA-G,100,100,3,0.5998399999999999,0.618982660901934,0.004
imdb,White Box,LR-G,100,100,1,0.607424,0.5862500372892798,0.0
imdb,Black Box,BB,200,200,N/A,0.631756,0.6814689258779403,0.128
imdb,White Box,LR,200,200,4,0.596948,0.6022450693552331,0.006
imdb,White Box,DIM,200,200,8,0.60468,0.5558921379512395,0.0
imdb,White Box,LAT,200,200,27,0.9358039999999999,0.941853634330954,0.844
imdb,White Box,CCS,200,200,4,0.598136,0.6111719974470176,0.018
imdb,White Box,LDA,200,200,1,0.603444,0.59547053408384,0.036
imdb,White Box,PCA,200,200,27,0.944536,0.9476476546759183,0.868
imdb,White Box,PCA-G,200,200,3,0.5994919999999999,0.6212520649286104,0.006
imdb,White Box,LR-G,200,200,1,0.607376,0.5867907617717161,0.0
imdb,Black Box,BB,500,500,N/A,0.621608,0.6720312403845912,0.004
imdb,White Box,LR,500,500,4,0.5955680000000001,0.6022867646270382,0.018
imdb,White Box,DIM,500,500,4,0.600796,0.6011651159598241,0.0
imdb,White Box,LAT,500,500,29,0.8404,0.8670446667014782,0.604
imdb,White Box,CCS,500,500,4,0.598378,0.6121436644336802,0.004
imdb,White Box,LDA,500,500,1,0.602148,0.5741412177678231,0.008
imdb,White Box,PCA,500,500,27,0.9133279999999999,0.9248937148954565,0.794
imdb,White Box,PCA-G,500,500,3,0.599872,0.620854040849499,0.006
imdb,White Box,LR-G,500,500,1,0.60816,0.5873615584086781,0.0
imdb,Black Box,BB,1000,1000,N/A,0.64838,0.6908319922930388,0.004
imdb,White Box,LR,1000,1000,3,0.6012679999999999,0.614023479679904,0.032
imdb,White Box,DIM,1000,1000,4,0.600984,0.6014087947709641,0.0
imdb,White Box,LAT,1000,1000,26,0.926088,0.9334045300013282,0.824
imdb,White Box,CCS,1000,1000,3,0.6017899999999999,0.6041706401163236,0.018
imdb,White Box,LDA,1000,1000,1,0.601292,0.5623873244766033,0.0
imdb,White Box,PCA,1000,1000,27,0.925984,0.9339619221107773,0.83
imdb,White Box,PCA-G,1000,1000,3,0.599868,0.6207226641026726,0.006
imdb,White Box,LR-G,1000,1000,1,0.6086959999999999,0.5881248364044123,0.0
imdb,Black Box,BB,2000,2000,N/A,0.6426240000000001,0.6745484249960726,0.002
imdb,White Box,LR,2000,2000,4,0.5955280000000001,0.5999365033986852,0.008
imdb,White Box,DIM,2000,2000,6,0.60066,0.5611811140099978,0.004
imdb,White Box,LAT,2000,2000,28,0.9206519999999999,0.9296914849040002,0.818
imdb,White Box,CCS,2000,2000,4,0.598936,0.6128803900248191,0.02
imdb,White Box,LDA,2000,2000,1,0.6029800000000001,0.5748261287296916,0.0
imdb,White Box,PCA,2000,2000,27,0.929124,0.9361470933243953,0.834
imdb,White Box,PCA-G,2000,2000,4,0.601084,0.6013749749436429,0.0
imdb,White Box,LR-G,2000,2000,1,0.608456,0.5880429732985656,0.0
imdb,Black Box,BB,5000,5000,N/A,0.64412,0.6785714173006816,0.002
imdb,White Box,LR,5000,5000,4,0.59374,0.5917139756930659,0.008
imdb,White Box,DIM,5000,5000,6,0.600436,0.5614132621317551,0.004
imdb,White Box,LAT,5000,5000,27,0.912216,0.9237908248354749,0.796
imdb,White Box,CCS,5000,5000,4,0.598576,0.6127197250290994,0.024
imdb,White Box,LDA,5000,5000,1,0.604044,0.5713063265876038,0.004
imdb,White Box,PCA,5000,5000,27,0.914564,0.9254806404235077,0.804
imdb,White Box,PCA-G,5000,5000,6,0.6004039999999999,0.561299472251334,0.004
imdb,White Box,LR-G,5000,5000,1,0.608472,0.5880449179671693,0.0
amazon_polarity,Black Box,BB,100,100,N/A,0.7397640000000001,0.7047857079381914,0.004
amazon_polarity,White Box,LR,100,100,32,0.9266479999999999,0.9341925405701876,0.768
amazon_polarity,White Box,DIM,100,100,28,0.9369159999999999,0.94592140139279,0.842
amazon_polarity,White Box,LAT,100,100,29,0.6246160000000001,0.6236392918146304,0.024
amazon_polarity,White Box,CCS,100,100,30,0.380712,0.42408316075565383,0.0
amazon_polarity,White Box,LDA,100,100,21,0.9355239999999999,0.9382911772964361,0.818
amazon_polarity,White Box,PCA,100,100,24,0.588592,0.5946971852330553,0.018
amazon_polarity,White Box,PCA-G,100,100,31,0.8849760000000001,0.8902757776311576,0.648
amazon_polarity,White Box,LR-G,100,100,16,0.97516,0.9753347108443107,0.95
amazon_polarity,Black Box,BB,200,200,N/A,0.7522719999999999,0.7092735126203145,0.004
amazon_polarity,White Box,LR,200,200,22,0.9524239999999999,0.9542569461790114,0.894
amazon_polarity,White Box,DIM,200,200,27,0.93994,0.9495966166956854,0.858
amazon_polarity,White Box,LAT,200,200,30,0.5140560000000001,0.5129993700104882,0.0
amazon_polarity,White Box,CCS,200,200,23,0.961092,0.9654746210710795,0.922
amazon_polarity,White Box,LDA,200,200,20,0.9439640000000001,0.9398271955282081,0.854
amazon_polarity,White Box,PCA,200,200,24,0.5591999999999999,0.562611852516092,0.006
amazon_polarity,White Box,PCA-G,200,200,27,0.896504,0.8989301335848111,0.668
amazon_polarity,White Box,LR-G,200,200,31,0.9686079999999999,0.9661750655147974,0.944
amazon_polarity,Black Box,BB,500,500,N/A,0.7733679999999998,0.7372385173618492,0.0
amazon_polarity,White Box,LR,500,500,17,0.972876,0.9744771433499378,0.938
amazon_polarity,White Box,DIM,500,500,17,0.9493599999999999,0.9559533555232075,0.882
amazon_polarity,White Box,LAT,500,500,31,0.5218039999999999,0.5209907766269948,0.0
amazon_polarity,White Box,CCS,500,500,29,0.967852,0.9711126157416402,0.946
amazon_polarity,White Box,LDA,500,500,32,0.944652,0.9430238162604984,0.884
amazon_polarity,White Box,PCA,500,500,16,0.5164280000000001,0.5173460783304697,0.002
amazon_polarity,White Box,PCA-G,500,500,31,0.878248,0.8838520051216714,0.59
amazon_polarity,White Box,LR-G,500,500,27,0.976764,0.9769714691157593,0.954
amazon_polarity,Black Box,BB,1000,1000,N/A,0.788436,0.7596519140082971,0.0
amazon_polarity,White Box,LR,1000,1000,16,0.9765999999999999,0.9779020572821334,0.946
amazon_polarity,White Box,DIM,1000,1000,16,0.946008,0.9525754337992892,0.852
amazon_polarity,White Box,LAT,1000,1000,31,0.524988,0.5252325415060979,0.0
amazon_polarity,White Box,CCS,1000,1000,31,0.73398,0.7737496603955961,0.466
amazon_polarity,White Box,LDA,1000,1000,31,0.932112,0.9328806379278796,0.816
amazon_polarity,White Box,PCA,1000,1000,31,0.530456,0.5307470533307324,0.0
amazon_polarity,White Box,PCA-G,1000,1000,28,0.87408,0.8780652520758145,0.596
amazon_polarity,White Box,LR-G,1000,1000,25,0.9808079999999999,0.9801403905657807,0.964
amazon_polarity,Black Box,BB,2000,2000,N/A,0.800688,0.7795692782662398,0.026
amazon_polarity,White Box,LR,2000,2000,16,0.980388,0.9810088788065001,0.964
amazon_polarity,White Box,DIM,2000,2000,16,0.947196,0.9533914308479624,0.854
amazon_polarity,White Box,LAT,2000,2000,29,0.52154,0.525246851820875,0.0
amazon_polarity,White Box,CCS,2000,2000,23,0.629408,0.6723249811981209,0.066
amazon_polarity,White Box,LDA,2000,2000,24,0.8703240000000001,0.8372519173270869,0.116
amazon_polarity,White Box,PCA,2000,2000,31,0.52318,0.5241444621470861,0.0
amazon_polarity,White Box,PCA-G,2000,2000,28,0.8712,0.8748708013853279,0.578
amazon_polarity,White Box,LR-G,2000,2000,30,0.983812,0.9841135276757526,0.968
amazon_polarity,Black Box,BB,5000,5000,N/A,0.801856,0.781671320631727,0.138
amazon_polarity,White Box,LR,5000,5000,16,0.983028,0.9837406159975104,0.968
amazon_polarity,White Box,DIM,5000,5000,16,0.946056,0.951969117785022,0.854
amazon_polarity,White Box,LAT,5000,5000,30,0.510608,0.5120866571000533,0.0
amazon_polarity,White Box,CCS,5000,5000,23,0.450472,0.45755176843118994,0.0
amazon_polarity,White Box,LDA,5000,5000,28,0.730336,0.7006429311265135,0.014
amazon_polarity,White Box,PCA,5000,5000,31,0.5281960000000001,0.528760223447907,0.0
amazon_polarity,White Box,PCA-G,5000,5000,28,0.86876,0.8728085708298141,0.568
amazon_polarity,White Box,LR-G,5000,5000,21,0.9878,0.9881035778658075,0.972
ag_news,Black Box,BB,100,100,N/A,0.8601640000000002,0.8232778966178713,0.126
ag_news,White Box,LR,100,100,19,0.946824,0.9335313719647318,0.75
ag_news,White Box,DIM,100,100,27,0.9238959999999999,0.8988508362668728,0.702
ag_news,White Box,LAT,100,100,26,0.920084,0.8929012293777422,0.602
ag_news,White Box,CCS,100,100,30,0.9155760000000001,0.8989209445648272,0.612
ag_news,White Box,LDA,100,100,32,0.9469920000000001,0.9454017685836773,0.8
ag_news,White Box,PCA,100,100,21,0.899254,0.8604228051789586,0.436
ag_news,White Box,PCA-G,100,100,27,0.9225920000000001,0.8939678520872604,0.716
ag_news,White Box,LR-G,100,100,12,0.91836,0.9248096706040781,0.688
ag_news,Black Box,BB,200,200,N/A,0.8804,0.839209062799946,0.264
ag_news,White Box,LR,200,200,21,0.9489920000000001,0.9354152799371976,0.85
ag_news,White Box,DIM,200,200,32,0.938284,0.9242228561911724,0.83
ag_news,White Box,LAT,200,200,26,0.927464,0.9032200900473789,0.738
ag_news,White Box,CCS,200,200,22,0.9394600000000001,0.9322200292840763,0.796
ag_news,White Box,LDA,200,200,21,0.93378,0.9321225996314886,0.818
ag_news,White Box,PCA,200,200,32,0.937696,0.9229329213423277,0.822
ag_news,White Box,PCA-G,200,200,32,0.93684,0.9215510591901059,0.794
ag_news,White Box,LR-G,200,200,12,0.971608,0.9727286399409275,0.926
ag_news,Black Box,BB,500,500,N/A,0.919088,0.8866915476341745,0.542
ag_news,White Box,LR,500,500,16,0.9792440000000001,0.9782505276583308,0.974
ag_news,White Box,DIM,500,500,17,0.958528,0.9514078300875136,0.888
ag_news,White Box,LAT,500,500,32,0.937828,0.9271401189176448,0.796
ag_news,White Box,CCS,500,500,19,0.677796,0.6759998302898589,0.028
ag_news,White Box,LDA,500,500,24,0.9585319999999999,0.9534066040519534,0.9
ag_news,White Box,PCA,500,500,32,0.93804,0.9254120845871948,0.782
ag_news,White Box,PCA-G,500,500,32,0.94072,0.9297745891793323,0.816
ag_news,White Box,LR-G,500,500,20,0.987868,0.9876219250701408,0.988
ag_news,Black Box,BB,1000,1000,N/A,0.930892,0.9035497296687718,0.696
ag_news,White Box,LR,1000,1000,16,0.98466,0.9837906990063183,0.982
ag_news,White Box,DIM,1000,1000,16,0.9556880000000001,0.9484341823402145,0.886
ag_news,White Box,LAT,1000,1000,32,0.931944,0.9160181032646054,0.734
ag_news,White Box,CCS,1000,1000,25,0.719566,0.7295604975076744,0.202
ag_news,White Box,LDA,1000,1000,22,0.946932,0.9375441486923465,0.884
ag_news,White Box,PCA,1000,1000,32,0.93476,0.9199962383022932,0.78
ag_news,White Box,PCA-G,1000,1000,32,0.9379839999999999,0.9266744574512316,0.804
ag_news,White Box,LR-G,1000,1000,27,0.988288,0.9880678901798301,0.984
ag_news,Black Box,BB,2000,2000,N/A,0.933196,0.9070365646454674,0.744
ag_news,White Box,LR,2000,2000,16,0.9885240000000001,0.9838885131515689,0.992
ag_news,White Box,DIM,2000,2000,17,0.959864,0.9541891395442453,0.886
ag_news,White Box,LAT,2000,2000,31,0.9370919999999999,0.9234351181470019,0.796
ag_news,White Box,CCS,2000,2000,21,0.9289160000000001,0.9260874473841768,0.654
ag_news,White Box,LDA,2000,2000,20,0.914076,0.8956652173034708,0.756
ag_news,White Box,PCA,2000,2000,32,0.935616,0.921835014547079,0.77
ag_news,White Box,PCA-G,2000,2000,32,0.94086,0.9306781581990272,0.812
ag_news,White Box,LR-G,2000,2000,11,0.990488,0.9901913310049826,0.988
ag_news,Black Box,BB,5000,5000,N/A,0.9377000000000001,0.9205431995223063,0.834
ag_news,White Box,LR,5000,5000,16,0.99128,0.9901634297283324,0.988
ag_news,White Box,DIM,5000,5000,14,0.9552919999999999,0.950657133114936,0.86
ag_news,White Box,LAT,5000,5000,32,0.9360919999999999,0.9238002895846391,0.778
ag_news,White Box,CCS,5000,5000,26,0.981716,0.9803760328678215,0.968
ag_news,White Box,LDA,5000,5000,21,0.8383240000000001,0.8108324291944178,0.072
ag_news,White Box,PCA,5000,5000,32,0.9355879999999999,0.9222977847849516,0.782
ag_news,White Box,PCA-G,5000,5000,32,0.9395519999999999,0.9295820778478946,0.8
ag_news,White Box,LR-G,5000,5000,17,0.992204,0.9920971655705189,0.992
dbpedia_14,Black Box,BB,100,100,N/A,0.9659279999999999,0.9631077086476179,0.906
dbpedia_14,White Box,LR,100,100,14,0.9986520000000001,0.9984758857895145,1.0
dbpedia_14,White Box,DIM,100,100,14,0.994216,0.9942604813524883,0.992
dbpedia_14,White Box,LAT,100,100,31,0.9599200000000001,0.9640817272311588,0.88
dbpedia_14,White Box,CCS,100,100,14,0.995568,0.9949803583663973,0.994
dbpedia_14,White Box,LDA,100,100,14,0.999024,0.9986892789937638,1.0
dbpedia_14,White Box,PCA,100,100,26,0.972356,0.9761516640130992,0.918
dbpedia_14,White Box,PCA-G,100,100,14,0.992856,0.9928633765856801,0.992
dbpedia_14,White Box,LR-G,100,100,14,0.999496,0.999504004231675,1.0
dbpedia_14,Black Box,BB,200,200,N/A,0.979208,0.9788822863362696,0.968
dbpedia_14,White Box,LR,200,200,16,0.999568,0.9995308517728763,1.0
dbpedia_14,White Box,DIM,200,200,5,0.99974,0.9997520895554928,1.0
dbpedia_14,White Box,LAT,200,200,22,0.9719720000000001,0.974785901680284,0.924
dbpedia_14,White Box,CCS,200,200,9,0.99996,0.9999599349693427,1.0
dbpedia_14,White Box,LDA,200,200,16,0.999704,0.9996813982722622,1.0
dbpedia_14,White Box,PCA,200,200,27,0.9730759999999999,0.9766323325671178,0.914
dbpedia_14,White Box,PCA-G,200,200,14,0.992212,0.9922693507456835,0.99
dbpedia_14,White Box,LR-G,200,200,3,0.999976,0.9999760795226084,1.0
dbpedia_14,Black Box,BB,500,500,N/A,0.9840599999999999,0.9847290979948695,0.958
dbpedia_14,White Box,LR,500,500,14,0.999648,0.9996166137300255,1.0
dbpedia_14,White Box,DIM,500,500,5,0.999644,0.9996642779222561,1.0
dbpedia_14,White Box,LAT,500,500,29,0.971368,0.9750182518578528,0.908
dbpedia_14,White Box,CCS,500,500,10,0.9997400000000001,0.9997541458731334,1.0
dbpedia_14,White Box,LDA,500,500,22,1.0,1.0,1.0
dbpedia_14,White Box,PCA,500,500,28,0.972184,0.975909396814366,0.916
dbpedia_14,White Box,PCA-G,500,500,9,0.9987240000000001,0.9988091104555695,0.998
dbpedia_14,White Box,LR-G,500,500,4,1.0,1.0,1.0
dbpedia_14,Black Box,BB,1000,1000,N/A,0.986672,0.9882379880629613,0.966
dbpedia_14,White Box,LR,1000,1000,14,0.999852,0.9998470409203395,1.0
dbpedia_14,White Box,DIM,1000,1000,5,0.99954,0.9995735231088502,1.0
dbpedia_14,White Box,LAT,1000,1000,28,0.9729159999999999,0.976312774546086,0.918
dbpedia_14,White Box,CCS,1000,1000,23,0.999304,0.9992625378119887,1.0
dbpedia_14,White Box,LDA,1000,1000,25,0.999996,0.999996007984032,1.0
dbpedia_14,White Box,PCA,1000,1000,28,0.973224,0.9768219273361445,0.918
dbpedia_14,White Box,PCA-G,1000,1000,5,0.999268,0.9993366365696066,0.998
dbpedia_14,White Box,LR-G,1000,1000,3,0.999968,0.9999681193793415,1.0
dbpedia_14,Black Box,BB,2000,2000,N/A,0.9867880000000001,0.9885795063686118,0.966
dbpedia_14,White Box,LR,2000,2000,18,0.9999,0.9998977282670649,1.0
dbpedia_14,White Box,DIM,2000,2000,5,0.9995160000000001,0.9995521052877895,1.0
dbpedia_14,White Box,LAT,2000,2000,28,0.973648,0.9772126697612646,0.922
dbpedia_14,White Box,CCS,2000,2000,32,0.999788,0.999782184301024,1.0
dbpedia_14,White Box,LDA,2000,2000,25,0.999992,0.9999920079840319,1.0
dbpedia_14,White Box,PCA,2000,2000,28,0.9728720000000001,0.976475970329672,0.918
dbpedia_14,White Box,PCA-G,2000,2000,5,0.99928,0.9993453623490974,0.998
dbpedia_14,White Box,LR-G,2000,2000,14,0.999996,0.999996007984032,1.0
dbpedia_14,Black Box,BB,5000,5000,N/A,0.98894,0.9899974242610406,0.972
dbpedia_14,White Box,LR,5000,5000,17,0.999976,0.9999759275008091,1.0
dbpedia_14,White Box,DIM,5000,5000,5,0.999512,0.9995488646370668,0.998
dbpedia_14,White Box,LAT,5000,5000,27,0.971196,0.9746445408126688,0.908
dbpedia_14,White Box,CCS,5000,5000,28,0.99962,0.9995953526712309,1.0
dbpedia_14,White Box,LDA,5000,5000,19,1.0,1.0,1.0
dbpedia_14,White Box,PCA,5000,5000,28,0.972816,0.9763724930285381,0.916
dbpedia_14,White Box,PCA-G,5000,5000,5,0.9992559999999999,0.9993238573118407,0.998
dbpedia_14,White Box,LR-G,5000,5000,8,1.0,1.0,1.0
